station,hour_ahead,timestamp,predicted_pm25,lower_pm25,upper_pm25,uncertainty_bucket,temperature_2m,relative_humidity_2m,wind_speed_10m,wind_direction_10m,surface_pressure,precipitation,boundary_layer_height,aqi_category
"Alipur, Delhi - DPCC",1,2026-08-26T00:00:00+00:00,35.7,14.54,59.27,0-100,27.5,96.0,2.0,280.0,979.1,0.0,80.0,Satisfactory
"Alipur, Delhi - DPCC",2,2026-08-26T01:00:00+00:00,43.45,22.29,67.02,0-100,27.5,95.0,5.0,296.0,979.2,0.0,120.0,Satisfactory
"Alipur, Delhi - DPCC",3,2026-08-26T02:00:00+00:00,43.54,22.38,67.11,0-100,27.2,95.0,7.9,167.0,980.3,0.9,190.0,Satisfactory
"Alipur, Delhi - DPCC",4,2026-08-26T03:00:00+00:00,42.57,21.41,66.14,0-100,27.1,97.0,4.2,162.0,980.3,1.0,115.0,Satisfactory
"Alipur, Delhi - DPCC",5,2026-08-26T04:00:00+00:00,43.48,22.32,67.05,0-100,28.8,91.0,3.6,147.0,980.9,0.7,305.0,Satisfactory
"Alipur, Delhi - DPCC",6,2026-08-26T05:00:00+00:00,44.65,23.49,68.22,0-100,29.5,89.0,2.4,153.0,981.2,0.5,560.0,Satisfactory
"Alipur, Delhi - DPCC",7,2026-08-26T06:00:00+00:00,44.79,23.63,68.36,0-100,30.4,84.0,2.1,200.0,980.5,0.3,610.0,Satisfactory
"Alipur, Delhi - DPCC",8,2026-08-26T07:00:00+00:00,43.62,22.46,67.19,0-100,32.0,75.0,2.8,281.0,979.8,0.2,860.0,Satisfactory
"Alipur, Delhi - DPCC",9,2026-08-26T08:00:00+00:00,41.93,20.77,65.5,0-100,32.6,72.0,1.7,302.0,979.2,0.0,1100.0,Satisfactory
"Alipur, Delhi - DPCC",10,2026-08-26T09:00:00+00:00,40.67,19.51,64.24,0-100,32.7,72.0,3.1,277.0,978.1,0.0,1095.0,Satisfactory
"Alipur, Delhi - DPCC",11,2026-08-26T10:00:00+00:00,39.19,18.03,62.76,0-100,32.5,73.0,5.7,288.0,977.5,0.0,1090.0,Satisfactory
"Alipur, Delhi - DPCC",12,2026-08-26T11:00:00+00:00,40.65,19.49,64.22,0-100,32.4,70.0,6.5,300.0,976.8,0.0,1005.0,Satisfactory
"Alipur, Delhi - DPCC",13,2026-08-26T12:00:00+00:00,43.9,22.74,67.47,0-100,29.2,91.0,1.7,32.0,977.6,0.0,85.0,Satisfactory
"Alipur, Delhi - DPCC",14,2026-08-26T13:00:00+00:00,44.73,23.57,68.3,0-100,29.3,91.0,4.8,167.0,977.4,1.9,150.0,Satisfactory
"Alipur, Delhi - DPCC",15,2026-08-26T14:00:00+00:00,43.11,21.95,66.68,0-100,28.8,93.0,8.5,173.0,977.5,0.6,145.0,Satisfactory
"Alipur, Delhi - DPCC",16,2026-08-26T15:00:00+00:00,43.32,22.16,66.89,0-100,28.4,94.0,8.5,185.0,977.7,0.0,150.0,Satisfactory
"Alipur, Delhi - DPCC",17,2026-08-26T16:00:00+00:00,44.1,22.94,67.67,0-100,28.2,93.0,8.1,198.0,978.3,0.0,155.0,Satisfactory
"Alipur, Delhi - DPCC",18,2026-08-26T17:00:00+00:00,43.46,22.3,67.03,0-100,28.0,93.0,7.7,204.0,978.7,0.0,165.0,Satisfactory
"Alipur, Delhi - DPCC",19,2026-08-26T18:00:00+00:00,45.09,23.93,68.66,0-100,29.0,92.0,7.5,215.0,978.6,0.0,165.0,Satisfactory
"Alipur, Delhi - DPCC",20,2026-08-26T19:00:00+00:00,45.31,24.15,68.88,0-100,28.4,92.0,7.9,223.0,978.1,0.0,135.0,Satisfactory
"Alipur, Delhi - DPCC",21,2026-08-26T20:00:00+00:00,46.0,24.84,69.57,0-100,28.2,92.0,9.1,232.0,977.8,0.0,170.0,Satisfactory
"Alipur, Delhi - DPCC",22,2026-08-26T21:00:00+00:00,45.25,24.09,68.82,0-100,27.9,92.0,8.0,230.0,977.5,0.0,170.0,Satisfactory
"Alipur, Delhi - DPCC",23,2026-08-26T22:00:00+00:00,42.05,20.89,65.62,0-100,27.5,93.0,4.7,220.0,977.5,0.0,130.0,Satisfactory
"Alipur, Delhi - DPCC",24,2026-08-26T23:00:00+00:00,39.8,18.64,63.37,0-100,27.4,93.0,6.4,238.0,977.3,0.0,120.0,Satisfactory
"Alipur, Delhi - DPCC",25,2026-08-27T00:00:00+00:00,40.93,19.77,64.5,0-100,28.3,92.0,4.6,252.0,977.2,0.0,90.0,Satisfactory
"Alipur, Delhi - DPCC",26,2026-08-27T01:00:00+00:00,41.32,20.16,64.89,0-100,28.2,91.0,7.6,251.0,977.7,0.0,105.0,Satisfactory
"Alipur, Delhi - DPCC",27,2026-08-27T02:00:00+00:00,43.51,22.35,67.08,0-100,29.2,88.0,5.4,250.0,978.1,0.0,165.0,Satisfactory
"Alipur, Delhi - DPCC",28,2026-08-27T03:00:00+00:00,41.54,20.38,65.11,0-100,30.3,84.0,1.5,256.0,978.5,0.0,290.0,Satisfactory
"Alipur, Delhi - DPCC",29,2026-08-27T04:00:00+00:00,41.79,20.63,65.36,0-100,31.5,79.0,0.9,127.0,979.1,0.0,480.0,Satisfactory
"Alipur, Delhi - DPCC",30,2026-08-27T05:00:00+00:00,41.19,20.03,64.76,0-100,32.4,75.0,0.8,315.0,979.2,0.0,895.0,Satisfactory
"Alipur, Delhi - DPCC",31,2026-08-27T06:00:00+00:00,41.98,20.82,65.55,0-100,34.2,53.0,5.5,302.0,978.8,0.2,1580.0,Satisfactory
"Alipur, Delhi - DPCC",32,2026-08-27T07:00:00+00:00,42.65,21.49,66.22,0-100,31.7,69.0,12.2,46.0,978.7,0.0,385.0,Satisfactory
"Alipur, Delhi - DPCC",33,2026-08-27T08:00:00+00:00,43.08,21.92,66.65,0-100,31.5,74.0,9.3,99.0,977.8,0.0,320.0,Satisfactory
"Alipur, Delhi - DPCC",34,2026-08-27T09:00:00+00:00,42.87,21.71,66.44,0-100,32.0,69.0,5.1,138.0,977.1,0.0,285.0,Satisfactory
"Alipur, Delhi - DPCC",35,2026-08-27T10:00:00+00:00,41.99,20.83,65.56,0-100,33.0,64.0,3.2,164.0,976.6,0.0,450.0,Satisfactory
"Alipur, Delhi - DPCC",36,2026-08-27T11:00:00+00:00,40.17,19.01,63.74,0-100,33.2,64.0,2.4,228.0,976.1,0.0,890.0,Satisfactory
"Alipur, Delhi - DPCC",37,2026-08-27T12:00:00+00:00,40.47,19.31,64.04,0-100,30.0,81.0,3.5,215.0,976.1,0.0,135.0,Satisfactory
"Alipur, Delhi - DPCC",38,2026-08-27T13:00:00+00:00,40.62,19.46,64.19,0-100,29.9,81.0,3.3,139.0,976.4,0.0,140.0,Satisfactory
"Alipur, Delhi - DPCC",39,2026-08-27T14:00:00+00:00,41.9,20.74,65.47,0-100,29.2,84.0,2.8,153.0,976.6,0.0,70.0,Satisfactory
"Alipur, Delhi - DPCC",40,2026-08-27T15:00:00+00:00,40.77,19.61,64.34,0-100,29.1,83.0,4.0,185.0,977.2,0.0,75.0,Satisfactory
"Alipur, Delhi - DPCC",41,2026-08-27T16:00:00+00:00,40.93,19.77,64.5,0-100,29.0,85.0,5.4,165.0,977.9,0.0,90.0,Satisfactory
"Alipur, Delhi - DPCC",42,2026-08-27T17:00:00+00:00,42.41,21.25,65.98,0-100,28.9,86.0,5.9,166.0,978.1,0.0,115.0,Satisfactory
"Alipur, Delhi - DPCC",43,2026-08-27T18:00:00+00:00,43.94,22.78,67.51,0-100,29.6,85.0,5.2,166.0,977.7,0.0,125.0,Satisfactory
"Alipur, Delhi - DPCC",44,2026-08-27T19:00:00+00:00,48.56,27.4,72.13,0-100,29.0,87.0,4.9,176.0,977.5,0.0,115.0,Satisfactory
"Alipur, Delhi - DPCC",45,2026-08-27T20:00:00+00:00,49.02,27.86,72.59,0-100,28.5,89.0,3.8,169.0,977.6,0.0,100.0,Satisfactory
"Alipur, Delhi - DPCC",46,2026-08-27T21:00:00+00:00,46.67,25.51,70.24,0-100,28.3,90.0,3.7,209.0,977.2,0.0,100.0,Satisfactory
"Alipur, Delhi - DPCC",47,2026-08-27T22:00:00+00:00,43.65,22.49,67.22,0-100,28.0,91.0,4.2,234.0,976.9,0.0,100.0,Satisfactory
"Alipur, Delhi - DPCC",48,2026-08-27T23:00:00+00:00,40.99,19.83,64.56,0-100,28.1,86.0,8.3,268.0,976.7,0.0,260.0,Satisfactory
"Alipur, Delhi - DPCC",49,2026-08-28T00:00:00+00:00,43.12,21.96,66.69,0-100,28.0,88.0,12.7,255.0,977.2,0.0,470.0,Satisfactory
"Alipur, Delhi - DPCC",50,2026-08-28T01:00:00+00:00,42.13,20.97,65.7,0-100,27.5,89.0,7.3,25.0,978.3,0.0,150.0,Satisfactory
"Alipur, Delhi - DPCC",51,2026-08-28T02:00:00+00:00,44.21,23.05,67.78,0-100,27.8,90.0,3.8,25.0,978.6,0.0,125.0,Satisfactory
"Alipur, Delhi - DPCC",52,2026-08-28T03:00:00+00:00,42.77,21.61,66.34,0-100,29.4,80.0,4.8,318.0,978.8,0.0,695.0,Satisfactory
"Alipur, Delhi - DPCC",53,2026-08-28T04:00:00+00:00,43.49,22.33,67.06,0-100,30.8,72.0,9.9,295.0,979.1,0.0,830.0,Satisfactory
"Alipur, Delhi - DPCC",54,2026-08-28T05:00:00+00:00,44.85,23.69,68.42,0-100,31.8,67.0,10.2,300.0,979.3,0.0,915.0,Satisfactory
"Alipur, Delhi - DPCC",55,2026-08-28T06:00:00+00:00,47.68,26.52,71.25,0-100,32.8,61.0,12.1,308.0,979.2,0.0,1095.0,Satisfactory
"Alipur, Delhi - DPCC",56,2026-08-28T07:00:00+00:00,49.39,28.23,72.96,0-100,33.3,59.0,11.6,309.0,978.6,0.0,1160.0,Satisfactory
"Alipur, Delhi - DPCC",57,2026-08-28T08:00:00+00:00,50.51,29.35,74.08,0-100,33.7,56.0,11.8,309.0,977.7,0.0,1295.0,Satisfactory
"Alipur, Delhi - DPCC",58,2026-08-28T09:00:00+00:00,53.22,32.06,76.79,0-100,33.9,55.0,11.6,305.0,977.0,0.0,1330.0,Satisfactory
"Alipur, Delhi - DPCC",59,2026-08-28T10:00:00+00:00,54.32,33.16,77.89,0-100,33.9,55.0,12.2,301.0,976.3,0.0,1330.0,Satisfactory
"Alipur, Delhi - DPCC",60,2026-08-28T11:00:00+00:00,51.43,30.27,75.0,0-100,33.3,59.0,10.9,299.0,975.8,0.0,1195.0,Satisfactory
"Alipur, Delhi - DPCC",61,2026-08-28T12:00:00+00:00,48.23,27.07,71.8,0-100,33.0,63.0,8.5,295.0,975.7,0.0,1165.0,Satisfactory
"Alipur, Delhi - DPCC",62,2026-08-28T13:00:00+00:00,47.08,25.92,70.65,0-100,31.5,70.0,5.4,285.0,976.0,0.0,160.0,Satisfactory
"Alipur, Delhi - DPCC",63,2026-08-28T14:00:00+00:00,48.19,27.03,71.76,0-100,30.6,72.0,5.2,274.0,976.2,0.0,80.0,Satisfactory
"Alipur, Delhi - DPCC",64,2026-08-28T15:00:00+00:00,44.87,23.71,68.44,0-100,30.1,74.0,4.1,272.0,976.9,0.0,50.0,Satisfactory
"Alipur, Delhi - DPCC",65,2026-08-28T16:00:00+00:00,47.92,26.76,71.49,0-100,29.7,75.0,4.0,243.0,977.7,0.0,45.0,Satisfactory
"Alipur, Delhi - DPCC",66,2026-08-28T17:00:00+00:00,50.68,29.52,74.25,0-100,29.2,80.0,4.0,243.0,977.9,0.0,40.0,Satisfactory
"Alipur, Delhi - DPCC",67,2026-08-28T18:00:00+00:00,53.54,32.38,77.11,0-100,29.5,79.0,4.9,242.0,977.5,0.0,60.0,Satisfactory
"Alipur, Delhi - DPCC",68,2026-08-28T19:00:00+00:00,58.29,37.13,81.86,0-100,29.0,79.0,5.3,242.0,977.2,0.0,80.0,Satisfactory
"Alipur, Delhi - DPCC",69,2026-08-28T20:00:00+00:00,61.09,39.93,84.66,0-100,28.6,79.0,6.2,255.0,977.2,0.0,95.0,Moderate
"Alipur, Delhi - DPCC",70,2026-08-28T21:00:00+00:00,60.19,39.03,83.76,0-100,28.3,78.0,7.6,256.0,977.0,0.0,140.0,Moderate
"Alipur, Delhi - DPCC",71,2026-08-28T22:00:00+00:00,58.19,37.03,81.76,0-100,28.1,79.0,10.3,245.0,976.7,0.0,245.0,Satisfactory
"Alipur, Delhi - DPCC",72,2026-08-28T23:00:00+00:00,57.31,36.15,80.88,0-100,27.9,79.0,11.2,248.0,976.9,0.0,315.0,Satisfactory
