station_name,timestamp,pm25_value
GK1 (Oberoi Terrace),2026-08-10T08:00:00Z,6.2
"Sector-1, Noida - UPPCB",2026-08-26T04:15:00Z,52.0
"Amity University, Panchgaon - IITM",2026-08-26T11:30:00Z,26.6
"Chandni Chowk, Delhi - IITM",2026-08-27T01:15:00Z,52.7
"CRRI Mathura Road, New Delhi - IMD",2026-08-27T02:00:00Z,44.34
"Burari Crossing, New Delhi - IMD",2026-08-27T02:00:00Z,46.43
"Aya Nagar, New Delhi - IMD",2026-08-27T02:00:00Z,29.68
"IGI Airport (T3), Delhi - IMD",2026-08-27T02:00:00Z,36.81
"Anand Vihar, New Delhi - DPCC",2026-08-27T02:00:00Z,78.0
"Lodhi Road, New Delhi - IMD",2026-08-27T02:00:00Z,32.8
"Vasundhara Nagar_UIT, Bhiwadi - RSPCB",2026-08-27T02:15:00Z,27.0
"Loni, Ghaziabad - UPPCB",2026-08-27T02:15:00Z,39.0
"NISE Gwal Pahari, Gurugram - IMD",2026-08-27T02:15:00Z,37.63
"Arya Nagar, Bahadurgarh - HSPCB",2026-08-27T02:15:00Z,41.2
"Sector-2 IMT, Manesar - HSPCB",2026-08-27T02:15:00Z,55.4
"Knowledge Park - V, Greater Noida - UPPCB",2026-08-27T02:15:00Z,52.0
"Sector - 62, Noida, UP - IMD",2026-08-27T02:15:00Z,58.04
"ITO, New Delhi - CPCB",2026-08-27T02:15:00Z,34.0
"Knowledge Park - III, Greater Noida - UPPCB",2026-08-27T02:15:00Z,35.0
"IHBAS, Dilshad Garden,New Delhi - CPCB",2026-08-27T02:15:00Z,42.3
"Sector 30, Faridabad - HSPCB",2026-08-27T02:15:00Z,46.87
"Indirapuram, Ghaziabad - UPPCB",2026-08-27T02:15:00Z,54.0
"Nathu Colony, Ballabgarh - HSPCB",2026-08-27T02:15:00Z,23.18
"Pusa, Delhi - IMD",2026-08-27T02:15:00Z,11.5
"North Campus, DU, Delhi - IMD",2026-08-27T02:15:00Z,52.6
"NSIT Dwarka, Delhi - CPCB",2026-08-27T02:15:00Z,16.3
"DTU, New Delhi - CPCB",2026-08-27T02:15:00Z,46.0
"New Industrial Town, Faridabad - HSPCB",2026-08-27T02:15:00Z,45.7
"Dr. Karni Singh Shooting Range, Delhi - DPCC",2026-08-27T02:30:00Z,20.0
"Dwarka-Sector 8, Delhi - DPCC",2026-08-27T02:30:00Z,22.0
"Jahangirpuri, Delhi - DPCC",2026-08-27T02:30:00Z,25.0
"Narela, Delhi - DPCC",2026-08-27T02:30:00Z,53.0
"Major Dhyan Chand National Stadium, Delhi - DPCC",2026-08-27T02:30:00Z,32.0
"Pusa, Delhi - DPCC",2026-08-27T02:30:00Z,53.0
"Nehru Nagar, Delhi - DPCC",2026-08-27T02:30:00Z,9.0
"Bawana, Delhi - DPCC",2026-08-27T02:30:00Z,69.0
"Shadipur, Delhi - CPCB",2026-08-27T02:30:00Z,24.5
"Vikas Sadan, Gurugram - HSPCB",2026-08-27T02:30:00Z,46.8
"Sector-51, Gurugram - HSPCB",2026-08-27T02:30:00Z,62.6
"Patparganj, Delhi - DPCC",2026-08-27T02:30:00Z,28.0
"Okhla Phase-2, Delhi - DPCC",2026-08-27T02:30:00Z,47.0
"Vasundhara, Ghaziabad - UPPCB",2026-08-27T02:30:00Z,74.0
"Sector - 125, Noida, UP - UPPCB",2026-08-27T02:30:00Z,46.0
"Mundka, Delhi - DPCC",2026-08-27T02:30:00Z,30.0
"Najafgarh, Delhi - DPCC",2026-08-27T02:30:00Z,28.0
"Sanjay Nagar, Ghaziabad - UPPCB",2026-08-27T02:30:00Z,52.0
"Teri Gram, Gurugram - HSPCB",2026-08-27T02:30:00Z,116.16
"Wazirpur, Delhi - DPCC",2026-08-27T02:30:00Z,46.0
"Ashok Vihar, Delhi - DPCC",2026-08-27T02:30:00Z,49.0
"Alipur, Delhi - DPCC",2026-08-27T02:30:00Z,36.0
"Sector 11, Faridabad - HSPCB",2026-08-27T02:30:00Z,16.3
"Sonia Vihar, Delhi - DPCC",2026-08-27T02:30:00Z,64.0
"Sri Aurobindo Marg, Delhi - DPCC",2026-08-27T02:30:00Z,34.0
"Jawaharlal Nehru Stadium, Delhi - DPCC",2026-08-27T02:30:00Z,52.0
"Sector-116, Noida - UPPCB",2026-08-27T02:30:00Z,86.0
"Sirifort, Delhi - CPCB",2026-08-27T02:30:00Z,53.0
"Punjabi Bagh, Delhi - DPCC",2026-08-27T02:30:00Z,46.0
"Vivek Vihar, Delhi - DPCC",2026-08-27T02:30:00Z,46.0
"R K Puram, Delhi - DPCC",2026-08-27T02:30:00Z,54.0
"Mandir Marg, New Delhi - DPCC",2026-08-27T02:30:00Z,11.0
"Rohini, Delhi - DPCC",2026-08-27T02:30:00Z,46.0
"Anand Vihar, New Delhi - DPCC",2026-09-01T06:00:00Z,105.0
NASA GSFC Rutgers Calib. N8,2026-09-01T23:54:34Z,16.58
New Delhi,2026-09-02T01:30:00Z,67.0
New Delhi,2026-09-02T03:30:00Z,42.0
"Vasundhara, Ghaziabad - UPPCB",2026-09-02T05:00:00Z,27.0
"Teri Gram, Gurugram - HSPCB",2026-09-02T05:00:00Z,88.93
"Alipur, Delhi - DPCC",2026-09-02T05:30:00Z,5.0
"Jahangirpuri, Delhi - DPCC",2026-09-02T06:00:00Z,39.0
"Dr. Karni Singh Shooting Range, Delhi - DPCC",2026-09-02T06:15:00Z,19.0
"Sector-116, Noida - UPPCB",2026-09-02T06:15:00Z,41.0
"Mandir Marg, New Delhi - DPCC",2026-09-02T06:15:00Z,28.0
"Sector 30, Faridabad - HSPCB",2026-09-02T06:30:00Z,36.1
"Okhla Phase-2, Delhi - DPCC",2026-09-02T06:30:00Z,23.0
"Vikas Sadan, Gurugram - HSPCB",2026-09-02T06:30:00Z,18.9
"CRRI Mathura Road, New Delhi - IMD",2026-09-02T06:30:00Z,20.44
"Sri Aurobindo Marg, Delhi - DPCC",2026-09-02T06:30:00Z,29.0
"Sector-51, Gurugram - HSPCB",2026-09-02T06:30:00Z,54.8
"Arya Nagar, Bahadurgarh - HSPCB",2026-09-02T06:30:00Z,46.3
"Nathu Colony, Ballabgarh - HSPCB",2026-09-02T06:30:00Z,26.24
"IGI Airport (T3), Delhi - IMD",2026-09-02T06:30:00Z,39.11
"Sanjay Nagar, Ghaziabad - UPPCB",2026-09-02T06:30:00Z,12.0
"Pusa, Delhi - DPCC",2026-09-02T06:30:00Z,27.0
"Patparganj, Delhi - DPCC",2026-09-02T06:30:00Z,24.0
"Sector - 125, Noida, UP - UPPCB",2026-09-02T06:30:00Z,2.0
"Indirapuram, Ghaziabad - UPPCB",2026-09-02T06:30:00Z,17.0
"Aya Nagar, New Delhi - IMD",2026-09-02T06:30:00Z,52.05
"Shadipur, Delhi - CPCB",2026-09-02T06:30:00Z,25.4
"Major Dhyan Chand National Stadium, Delhi - DPCC",2026-09-02T06:30:00Z,1.0
"IHBAS, Dilshad Garden,New Delhi - CPCB",2026-09-02T06:30:00Z,25.8
"Sirifort, Delhi - CPCB",2026-09-02T06:30:00Z,55.0
"NISE Gwal Pahari, Gurugram - IMD",2026-09-02T06:30:00Z,35.21
"Sonia Vihar, Delhi - DPCC",2026-09-02T06:30:00Z,18.0
"Burari Crossing, New Delhi - IMD",2026-09-02T06:30:00Z,25.03
"Narela, Delhi - DPCC",2026-09-02T06:30:00Z,3.0
"Wazirpur, Delhi - DPCC",2026-09-02T06:30:00Z,32.0
"Najafgarh, Delhi - DPCC",2026-09-02T06:30:00Z,8.0
"Rohini, Delhi - DPCC",2026-09-02T06:30:00Z,34.0
"Ashok Vihar, Delhi - DPCC",2026-09-02T06:30:00Z,21.0
"Chandni Chowk, Delhi - IITM",2026-09-02T06:30:00Z,22.6
"Punjabi Bagh, Delhi - DPCC",2026-09-02T06:30:00Z,86.0
"New Industrial Town, Faridabad - HSPCB",2026-09-02T06:30:00Z,38.9
"Mundka, Delhi - DPCC",2026-09-02T06:30:00Z,36.0
"Pusa, Delhi - IMD",2026-09-02T06:30:00Z,19.2
"North Campus, DU, Delhi - IMD",2026-09-02T06:30:00Z,34.8
"Dwarka-Sector 8, Delhi - DPCC",2026-09-02T06:30:00Z,45.0
"Vivek Vihar, Delhi - DPCC",2026-09-02T06:30:00Z,12.0
"DTU, New Delhi - CPCB",2026-09-02T06:30:00Z,17.0
"Sector-2 IMT, Manesar - HSPCB",2026-09-02T06:30:00Z,64.8
"Knowledge Park - III, Greater Noida - UPPCB",2026-09-02T06:30:00Z,30.0
New Delhi,2026-09-02T06:30:00Z,52.0
"NSIT Dwarka, Delhi - CPCB",2026-09-02T06:30:00Z,19.1
"Sector-1, Noida - UPPCB",2026-09-02T06:30:00Z,9.0
"Nehru Nagar, Delhi - DPCC",2026-09-02T06:30:00Z,11.0
"ITO, New Delhi - CPCB",2026-09-02T06:30:00Z,22.0
"Sector - 62, Noida, UP - IMD",2026-09-02T06:30:00Z,29.42
"R K Puram, Delhi - DPCC",2026-09-02T06:30:00Z,29.0
"Sector 11, Faridabad - HSPCB",2026-09-02T06:30:00Z,48.4
"Bawana, Delhi - DPCC",2026-09-02T06:30:00Z,19.0
"Knowledge Park - V, Greater Noida - UPPCB",2026-09-02T06:30:00Z,22.0
"Lodhi Road, New Delhi - IMD",2026-09-02T06:30:00Z,27.4
"Loni, Ghaziabad - UPPCB",2026-09-02T06:30:00Z,8.0
"Jawaharlal Nehru Stadium, Delhi - DPCC",2026-09-02T06:30:00Z,31.0
"Sector-1, Noida - UPPCB",2026-09-02T07:30:00Z,6.0
"Mundka, Delhi - DPCC",2026-09-02T07:30:00Z,50.0
"Vivek Vihar, Delhi - DPCC",2026-09-02T07:45:00Z,12.0
"Vasundhara, Ghaziabad - UPPCB",2026-09-02T08:00:00Z,6.0
NASA GSFC Rutgers Calib. N8,2026-09-02T08:03:40Z,22.36
"Sector-116, Noida - UPPCB",2026-09-02T08:15:00Z,29.0
"CRRI Mathura Road, New Delhi - IMD",2026-09-02T08:15:00Z,12.88
"NSIT Dwarka, Delhi - CPCB",2026-09-02T08:30:00Z,42.2
"Dr. Karni Singh Shooting Range, Delhi - DPCC",2026-09-02T08:30:00Z,2.0
"Amity University, Panchgaon - IITM",2026-09-02T08:30:00Z,44.7
"Teri Gram, Gurugram - HSPCB",2026-09-02T08:30:00Z,66.35
"Lodhi Road, New Delhi - IMD",2026-09-02T08:30:00Z,2.2
"Loni, Ghaziabad - UPPCB",2026-09-02T08:30:00Z,11.0
"Aya Nagar, New Delhi - IMD",2026-09-02T08:30:00Z,4.38
"IHBAS, Dilshad Garden,New Delhi - CPCB",2026-09-02T08:30:00Z,21.7
"Sector - 62, Noida, UP - IMD",2026-09-02T08:30:00Z,7.11
"Sector - 125, Noida, UP - UPPCB",2026-09-02T08:30:00Z,3.0
"Sector 30, Faridabad - HSPCB",2026-09-02T08:30:00Z,35.87
"Rohini, Delhi - DPCC",2026-09-02T08:30:00Z,23.0
"Wazirpur, Delhi - DPCC",2026-09-02T08:30:00Z,22.0
"Bawana, Delhi - DPCC",2026-09-02T08:30:00Z,33.0
"Sri Aurobindo Marg, Delhi - DPCC",2026-09-02T08:30:00Z,24.0
"Sanjay Nagar, Ghaziabad - UPPCB",2026-09-02T08:30:00Z,8.0
"Vikas Sadan, Gurugram - HSPCB",2026-09-02T08:30:00Z,18.3
"Shadipur, Delhi - CPCB",2026-09-02T08:30:00Z,24.5
"DTU, New Delhi - CPCB",2026-09-02T08:30:00Z,15.0
"North Campus, DU, Delhi - IMD",2026-09-02T08:30:00Z,27.1
"Chandni Chowk, Delhi - IITM",2026-09-02T08:30:00Z,31.2
"Knowledge Park - III, Greater Noida - UPPCB",2026-09-02T08:30:00Z,18.0
"Sector-51, Gurugram - HSPCB",2026-09-02T08:30:00Z,60.9
"ITO, New Delhi - CPCB",2026-09-02T08:30:00Z,16.0
"Sector 11, Faridabad - HSPCB",2026-09-02T08:30:00Z,34.7
"Sector-2 IMT, Manesar - HSPCB",2026-09-02T08:30:00Z,54.9
"Pusa, Delhi - DPCC",2026-09-02T08:30:00Z,7.0
"New Industrial Town, Faridabad - HSPCB",2026-09-02T08:30:00Z,42.4
"Narela, Delhi - DPCC",2026-09-02T08:30:00Z,14.0
"NISE Gwal Pahari, Gurugram - IMD",2026-09-02T08:30:00Z,11.42
"Dwarka-Sector 8, Delhi - DPCC",2026-09-02T08:30:00Z,42.0
"Vasundhara Nagar_UIT, Bhiwadi - RSPCB",2026-09-02T08:30:00Z,26.0
"Ashok Vihar, Delhi - DPCC",2026-09-02T08:30:00Z,26.0
"Pusa, Delhi - IMD",2026-09-02T08:30:00Z,21.1
"Najafgarh, Delhi - DPCC",2026-09-02T08:30:00Z,16.0
"Nehru Nagar, Delhi - DPCC",2026-09-02T08:30:00Z,24.0
"Major Dhyan Chand National Stadium, Delhi - DPCC",2026-09-02T08:30:00Z,1.0
"R K Puram, Delhi - DPCC",2026-09-02T08:30:00Z,25.0
"Nathu Colony, Ballabgarh - HSPCB",2026-09-02T08:30:00Z,23.4
"Indirapuram, Ghaziabad - UPPCB",2026-09-02T08:30:00Z,16.0
"Patparganj, Delhi - DPCC",2026-09-02T08:30:00Z,13.0
"Arya Nagar, Bahadurgarh - HSPCB",2026-09-02T08:30:00Z,48.7
"Jawaharlal Nehru Stadium, Delhi - DPCC",2026-09-02T08:30:00Z,25.0
"Mandir Marg, New Delhi - DPCC",2026-09-02T08:30:00Z,13.0
"Burari Crossing, New Delhi - IMD",2026-09-02T08:30:00Z,21.02
"Punjabi Bagh, Delhi - DPCC",2026-09-02T08:30:00Z,39.0
"Okhla Phase-2, Delhi - DPCC",2026-09-02T08:30:00Z,17.0
"Knowledge Park - V, Greater Noida - UPPCB",2026-09-02T08:30:00Z,18.0
"IGI Airport (T3), Delhi - IMD",2026-09-02T08:30:00Z,12.88
"Sirifort, Delhi - CPCB",2026-09-02T08:30:00Z,33.45
"Sonia Vihar, Delhi - DPCC",2026-09-02T08:30:00Z,8.0
"Sector-1, Noida - UPPCB",2026-09-02T09:00:00Z,4.0
"CRRI Mathura Road, New Delhi - IMD",2026-09-02T09:15:00Z,11.18
"Punjabi Bagh, Delhi - DPCC",2026-09-02T09:15:00Z,39.0
"Dwarka-Sector 8, Delhi - DPCC",2026-09-02T09:15:00Z,42.0
"Vasundhara, Ghaziabad - UPPCB",2026-09-02T10:00:00Z,18.0
"Sector-116, Noida - UPPCB",2026-09-02T10:15:00Z,32.0
"R K Puram, Delhi - DPCC",2026-09-02T10:15:00Z,24.0
"Major Dhyan Chand National Stadium, Delhi - DPCC",2026-09-02T10:15:00Z,1.0
"Sector-2 IMT, Manesar - HSPCB",2026-09-02T10:30:00Z,53.9
"Jahangirpuri, Delhi - DPCC",2026-09-02T10:30:00Z,19.0
"Mundka, Delhi - DPCC",2026-09-02T10:30:00Z,5.0
"Patparganj, Delhi - DPCC",2026-09-02T10:30:00Z,11.0
"Najafgarh, Delhi - DPCC",2026-09-02T10:30:00Z,11.0
"New Industrial Town, Faridabad - HSPCB",2026-09-02T10:30:00Z,36.2
"Nehru Nagar, Delhi - DPCC",2026-09-02T10:30:00Z,36.0
"Indirapuram, Ghaziabad - UPPCB",2026-09-02T10:30:00Z,9.0
"Bawana, Delhi - DPCC",2026-09-02T10:30:00Z,6.0
"Sector-51, Gurugram - HSPCB",2026-09-02T10:30:00Z,45.0
"IHBAS, Dilshad Garden,New Delhi - CPCB",2026-09-02T10:30:00Z,18.9
"Sonia Vihar, Delhi - DPCC",2026-09-02T10:30:00Z,12.0
"NSIT Dwarka, Delhi - CPCB",2026-09-02T10:30:00Z,33.2
"Sanjay Nagar, Ghaziabad - UPPCB",2026-09-02T10:30:00Z,9.0
"Sector 30, Faridabad - HSPCB",2026-09-02T10:30:00Z,39.61
"DTU, New Delhi - CPCB",2026-09-02T10:30:00Z,7.0
"Rohini, Delhi - DPCC",2026-09-02T10:30:00Z,33.0
"Knowledge Park - V, Greater Noida - UPPCB",2026-09-02T10:30:00Z,29.0
"Teri Gram, Gurugram - HSPCB",2026-09-02T10:30:00Z,65.73
"Knowledge Park - III, Greater Noida - UPPCB",2026-09-02T10:30:00Z,16.0
"Okhla Phase-2, Delhi - DPCC",2026-09-02T10:30:00Z,22.0
"Pusa, Delhi - DPCC",2026-09-02T10:30:00Z,12.0
"Sector - 125, Noida, UP - UPPCB",2026-09-02T10:30:00Z,2.0
"Wazirpur, Delhi - DPCC",2026-09-02T10:30:00Z,27.0
"Aya Nagar, New Delhi - IMD",2026-09-02T10:30:00Z,9.55
"Lodhi Road, New Delhi - IMD",2026-09-02T10:30:00Z,54.1
"Jawaharlal Nehru Stadium, Delhi - DPCC",2026-09-02T10:30:00Z,16.0
"Sri Aurobindo Marg, Delhi - DPCC",2026-09-02T10:30:00Z,17.0
"NISE Gwal Pahari, Gurugram - IMD",2026-09-02T10:30:00Z,7.27
"Sector - 62, Noida, UP - IMD",2026-09-02T10:30:00Z,4.34
"Burari Crossing, New Delhi - IMD",2026-09-02T10:30:00Z,20.02
"Chandni Chowk, Delhi - IITM",2026-09-02T10:30:00Z,30.9
"ITO, New Delhi - CPCB",2026-09-02T10:30:00Z,17.0
"Amity University, Panchgaon - IITM",2026-09-02T10:30:00Z,40.3
"Pusa, Delhi - IMD",2026-09-02T10:30:00Z,11.2
"Shadipur, Delhi - CPCB",2026-09-02T10:30:00Z,13.4
"Arya Nagar, Bahadurgarh - HSPCB",2026-09-02T10:30:00Z,36.3
"Mandir Marg, New Delhi - DPCC",2026-09-02T10:30:00Z,3.0
"North Campus, DU, Delhi - IMD",2026-09-02T10:30:00Z,25.0
"Narela, Delhi - DPCC",2026-09-02T10:30:00Z,31.0
"Vikas Sadan, Gurugram - HSPCB",2026-09-02T10:30:00Z,14.9
"Vasundhara Nagar_UIT, Bhiwadi - RSPCB",2026-09-02T10:30:00Z,42.0
"Dr. Karni Singh Shooting Range, Delhi - DPCC",2026-09-02T10:30:00Z,14.0
"Nathu Colony, Ballabgarh - HSPCB",2026-09-02T10:30:00Z,17.72
"Sector 11, Faridabad - HSPCB",2026-09-02T10:30:00Z,29.5
"Loni, Ghaziabad - UPPCB",2026-09-02T10:30:00Z,7.0
"IGI Airport (T3), Delhi - IMD",2026-09-02T10:30:00Z,9.6
"Sirifort, Delhi - CPCB",2026-09-02T10:30:00Z,32.0
"Ashok Vihar, Delhi - DPCC",2026-09-02T10:30:00Z,18.0
"Vikas Sadan, Gurugram - HSPCB",2026-09-02T10:45:00Z,14.9
"Sector-1, Noida - UPPCB",2026-09-02T11:15:00Z,2.0
"Mandir Marg, New Delhi - DPCC",2026-09-02T11:15:00Z,3.0
NASA GSFC Rutgers Calib. N8,2026-09-02T11:50:37Z,14.15
New Delhi,2026-09-02T12:30:00Z,17.0
New Delhi,2026-09-02T13:30:00Z,21.0
New Delhi,2026-09-02T14:30:00Z,27.0
"Major Dhyan Chand National Stadium, Delhi - DPCC",2026-09-02T16:15:00Z,1.0
"Chandni Chowk, Delhi - IITM",2026-09-02T17:00:00Z,27.9
"Dr. Karni Singh Shooting Range, Delhi - DPCC",2026-09-02T17:15:00Z,52.0
"Nathu Colony, Ballabgarh - HSPCB",2026-09-02T18:00:00Z,18.09
"Arya Nagar, Bahadurgarh - HSPCB",2026-09-02T18:00:00Z,26.5
"Loni, Ghaziabad - UPPCB",2026-09-02T18:00:00Z,7.0
"Sector-2 IMT, Manesar - HSPCB",2026-09-02T18:00:00Z,48.0
"IHBAS, Dilshad Garden,New Delhi - CPCB",2026-09-02T18:00:00Z,20.1
"Shadipur, Delhi - CPCB",2026-09-02T18:00:00Z,59.1
"Amity University, Panchgaon - IITM",2026-09-02T18:00:00Z,27.0
"Sector-51, Gurugram - HSPCB",2026-09-02T18:00:00Z,43.2
"Sector 11, Faridabad - HSPCB",2026-09-02T18:00:00Z,61.7
"Sector 30, Faridabad - HSPCB",2026-09-02T18:00:00Z,63.21
"New Industrial Town, Faridabad - HSPCB",2026-09-02T18:00:00Z,37.5
"NSIT Dwarka, Delhi - CPCB",2026-09-02T18:00:00Z,13.0
"ITO, New Delhi - CPCB",2026-09-02T18:00:00Z,16.0
"Sector-116, Noida - UPPCB",2026-09-02T18:15:00Z,44.0
"Vivek Vihar, Delhi - DPCC",2026-09-02T18:15:00Z,26.0
"Pusa, Delhi - DPCC",2026-09-02T18:15:00Z,22.0
"Lodhi Road, New Delhi - IMD",2026-09-02T18:15:00Z,29.2
"Punjabi Bagh, Delhi - DPCC",2026-09-02T18:15:00Z,75.0
"Sirifort, Delhi - CPCB",2026-09-02T18:15:00Z,33.0
"Knowledge Park - V, Greater Noida - UPPCB",2026-09-02T18:15:00Z,35.0
"Rohini, Delhi - DPCC",2026-09-02T18:15:00Z,22.0
"CRRI Mathura Road, New Delhi - IMD",2026-09-02T18:15:00Z,15.9
"Sector - 125, Noida, UP - UPPCB",2026-09-02T18:15:00Z,8.0
"Aya Nagar, New Delhi - IMD",2026-09-02T18:15:00Z,23.93
"Pusa, Delhi - IMD",2026-09-02T18:15:00Z,12.9
"Teri Gram, Gurugram - HSPCB",2026-09-02T18:15:00Z,105.86
"North Campus, DU, Delhi - IMD",2026-09-02T18:15:00Z,30.8
"Dwarka-Sector 8, Delhi - DPCC",2026-09-02T18:15:00Z,12.0
"Jahangirpuri, Delhi - DPCC",2026-09-02T18:15:00Z,20.0
"Sonia Vihar, Delhi - DPCC",2026-09-02T18:15:00Z,52.0
"Vasundhara, Ghaziabad - UPPCB",2026-09-02T18:15:00Z,18.0
"NISE Gwal Pahari, Gurugram - IMD",2026-09-02T18:15:00Z,16.53
"Knowledge Park - III, Greater Noida - UPPCB",2026-09-02T18:15:00Z,5.0
"Vasundhara Nagar_UIT, Bhiwadi - RSPCB",2026-09-02T18:15:00Z,33.0
"Ashok Vihar, Delhi - DPCC",2026-09-02T18:15:00Z,53.0
"Mundka, Delhi - DPCC",2026-09-02T18:15:00Z,9.0
"Sanjay Nagar, Ghaziabad - UPPCB",2026-09-02T18:15:00Z,19.0
"Jawaharlal Nehru Stadium, Delhi - DPCC",2026-09-02T18:15:00Z,18.0
"DTU, New Delhi - CPCB",2026-09-02T18:15:00Z,12.45
"Burari Crossing, New Delhi - IMD",2026-09-02T18:15:00Z,13.94
"Indirapuram, Ghaziabad - UPPCB",2026-09-02T18:15:00Z,10.0
"Narela, Delhi - DPCC",2026-09-02T18:15:00Z,11.0
"Okhla Phase-2, Delhi - DPCC",2026-09-02T18:15:00Z,31.0
"Wazirpur, Delhi - DPCC",2026-09-02T18:15:00Z,32.0
"R K Puram, Delhi - DPCC",2026-09-02T18:15:00Z,32.0
"IGI Airport (T3), Delhi - IMD",2026-09-02T18:15:00Z,15.23
"Sri Aurobindo Marg, Delhi - DPCC",2026-09-02T18:15:00Z,23.0
"Bawana, Delhi - DPCC",2026-09-02T18:15:00Z,22.0
"Patparganj, Delhi - DPCC",2026-09-02T18:15:00Z,8.0
"Nehru Nagar, Delhi - DPCC",2026-09-02T18:15:00Z,2.0
"Najafgarh, Delhi - DPCC",2026-09-02T18:15:00Z,6.0
"Sector - 62, Noida, UP - IMD",2026-09-02T18:15:00Z,8.07
New Delhi,2026-09-03T00:30:00Z,18.0
New Delhi,2026-09-03T03:30:00Z,71.0
NASA GSFC Rutgers Calib. N8,2026-09-03T03:51:58Z,22.54
New Delhi,2026-09-03T05:30:00Z,36.0
NASA GSFC Rutgers Calib. N8,2026-09-03T05:54:11Z,17.27
"Mandir Marg, New Delhi - DPCC",2026-09-03T09:15:00Z,5.0
"Chandni Chowk, Delhi - IITM",2026-09-03T17:00:00Z,26.3
"Pusa, Delhi - DPCC",2026-09-03T17:15:00Z,19.0
"Shadipur, Delhi - CPCB",2026-09-03T18:00:00Z,49.4
"NSIT Dwarka, Delhi - CPCB",2026-09-03T18:00:00Z,28.5
"Sector-2 IMT, Manesar - HSPCB",2026-09-03T18:00:00Z,38.7
"Sector 11, Faridabad - HSPCB",2026-09-03T18:00:00Z,50.2
"Nathu Colony, Ballabgarh - HSPCB",2026-09-03T18:00:00Z,14.79
"Sector-51, Gurugram - HSPCB",2026-09-03T18:00:00Z,21.7
"Arya Nagar, Bahadurgarh - HSPCB",2026-09-03T18:00:00Z,35.8
"New Industrial Town, Faridabad - HSPCB",2026-09-03T18:00:00Z,34.0
"ITO, New Delhi - CPCB",2026-09-03T18:00:00Z,20.0
"Sector 30, Faridabad - HSPCB",2026-09-03T18:00:00Z,83.99
"Vikas Sadan, Gurugram - HSPCB",2026-09-03T18:00:00Z,12.0
"IHBAS, Dilshad Garden,New Delhi - CPCB",2026-09-03T18:00:00Z,24.2
"Amity University, Panchgaon - IITM",2026-09-03T18:00:00Z,44.3
"Patparganj, Delhi - DPCC",2026-09-03T18:15:00Z,16.0
"Vasundhara, Ghaziabad - UPPCB",2026-09-03T18:15:00Z,15.0
"Sirifort, Delhi - CPCB",2026-09-03T18:15:00Z,35.0
"Sector - 125, Noida, UP - UPPCB",2026-09-03T18:15:00Z,36.0
"Jawaharlal Nehru Stadium, Delhi - DPCC",2026-09-03T18:15:00Z,17.0
"Vasundhara Nagar_UIT, Bhiwadi - RSPCB",2026-09-03T18:15:00Z,32.0
"Lodhi Road, New Delhi - IMD",2026-09-03T18:15:00Z,26.2
"North Campus, DU, Delhi - IMD",2026-09-03T18:15:00Z,0.3
"Pusa, Delhi - IMD",2026-09-03T18:15:00Z,4.3
"R K Puram, Delhi - DPCC",2026-09-03T18:15:00Z,38.0
"CRRI Mathura Road, New Delhi - IMD",2026-09-03T18:15:00Z,28.86
"IGI Airport (T3), Delhi - IMD",2026-09-03T18:15:00Z,30.63
"DTU, New Delhi - CPCB",2026-09-03T18:15:00Z,13.0
"Indirapuram, Ghaziabad - UPPCB",2026-09-03T18:15:00Z,13.0
"Ashok Vihar, Delhi - DPCC",2026-09-03T18:15:00Z,28.0
"Sanjay Nagar, Ghaziabad - UPPCB",2026-09-03T18:15:00Z,22.0
"Sri Aurobindo Marg, Delhi - DPCC",2026-09-03T18:15:00Z,22.0
"Bawana, Delhi - DPCC",2026-09-03T18:15:00Z,75.0
"Jahangirpuri, Delhi - DPCC",2026-09-03T18:15:00Z,19.0
"Narela, Delhi - DPCC",2026-09-03T18:15:00Z,35.0
"Sector - 62, Noida, UP - IMD",2026-09-03T18:15:00Z,20.22
"Anand Vihar, New Delhi - DPCC",2026-09-03T18:15:00Z,40.0
"Nehru Nagar, Delhi - DPCC",2026-09-03T18:15:00Z,6.0
"Burari Crossing, New Delhi - IMD",2026-09-03T18:15:00Z,16.18
"Teri Gram, Gurugram - HSPCB",2026-09-03T18:15:00Z,81.55
"Okhla Phase-2, Delhi - DPCC",2026-09-03T18:15:00Z,11.0
"Aya Nagar, New Delhi - IMD",2026-09-03T18:15:00Z,30.4
"Najafgarh, Delhi - DPCC",2026-09-03T18:15:00Z,12.0
"Mundka, Delhi - DPCC",2026-09-03T18:15:00Z,63.0
"Major Dhyan Chand National Stadium, Delhi - DPCC",2026-09-03T18:15:00Z,1.0
"Punjabi Bagh, Delhi - DPCC",2026-09-03T18:15:00Z,16.0
"Rohini, Delhi - DPCC",2026-09-03T18:15:00Z,45.0
"Dr. Karni Singh Shooting Range, Delhi - DPCC",2026-09-03T18:15:00Z,1.0
"Sonia Vihar, Delhi - DPCC",2026-09-03T18:15:00Z,14.0
"Knowledge Park - V, Greater Noida - UPPCB",2026-09-03T18:15:00Z,31.0
"Wazirpur, Delhi - DPCC",2026-09-03T18:15:00Z,27.0
"Dwarka-Sector 8, Delhi - DPCC",2026-09-03T18:15:00Z,29.0
"Loni, Ghaziabad - UPPCB",2026-09-03T18:15:00Z,34.0
"Vivek Vihar, Delhi - DPCC",2026-09-03T18:15:00Z,4.0
"Sector-1, Noida - UPPCB",2026-09-03T18:15:00Z,6.0
"Knowledge Park - III, Greater Noida - UPPCB",2026-09-03T18:15:00Z,27.0
"NISE Gwal Pahari, Gurugram - IMD",2026-09-03T18:15:00Z,29.58
"Sector-116, Noida - UPPCB",2026-09-03T18:15:00Z,70.0
New Delhi,2026-09-04T13:30:00Z,8.0
NASA GSFC Rutgers Calib. N8,2026-09-04T13:56:24Z,14.04
New Delhi,2026-09-04T14:30:00Z,22.0
"Vikas Sadan, Gurugram - HSPCB",2026-09-05T03:00:00Z,5.0
NASA GSFC Rutgers Calib. N8,2026-09-05T12:57:36Z,27.66
"Jahangirpuri, Delhi - DPCC",2026-09-05T14:15:00Z,2.0
New Delhi,2026-09-05T14:30:00Z,27.0
NASA GSFC Rutgers Calib. N8,2026-09-05T14:59:56Z,18.18
New Delhi,2026-09-05T15:30:00Z,21.0
"NSIT Dwarka, Delhi - CPCB",2026-09-05T16:15:00Z,12.5
"Chandni Chowk, Delhi - IITM",2026-09-05T17:00:00Z,47.4
"Mundka, Delhi - DPCC",2026-09-05T17:15:00Z,16.0
"Arya Nagar, Bahadurgarh - HSPCB",2026-09-05T18:00:00Z,22.0
"ITO, New Delhi - CPCB",2026-09-05T18:00:00Z,21.0
"Sector-2 IMT, Manesar - HSPCB",2026-09-05T18:00:00Z,31.6
"Sector-51, Gurugram - HSPCB",2026-09-05T18:00:00Z,29.7
"IHBAS, Dilshad Garden,New Delhi - CPCB",2026-09-05T18:00:00Z,41.1
"Sector 30, Faridabad - HSPCB",2026-09-05T18:00:00Z,36.37
"Nathu Colony, Ballabgarh - HSPCB",2026-09-05T18:00:00Z,13.54
"Shadipur, Delhi - CPCB",2026-09-05T18:00:00Z,21.7
"Amity University, Panchgaon - IITM",2026-09-05T18:00:00Z,39.8
"Loni, Ghaziabad - UPPCB",2026-09-05T18:00:00Z,51.0
"New Industrial Town, Faridabad - HSPCB",2026-09-05T18:00:00Z,28.8
"CRRI Mathura Road, New Delhi - IMD",2026-09-05T18:00:00Z,19.84
"Sector 11, Faridabad - HSPCB",2026-09-05T18:00:00Z,49.8
"Burari Crossing, New Delhi - IMD",2026-09-05T18:15:00Z,14.86
"R K Puram, Delhi - DPCC",2026-09-05T18:15:00Z,37.0
"Nehru Nagar, Delhi - DPCC",2026-09-05T18:15:00Z,37.0
"Anand Vihar, New Delhi - DPCC",2026-09-05T18:15:00Z,1.0
"Vivek Vihar, Delhi - DPCC",2026-09-05T18:15:00Z,20.0
"Najafgarh, Delhi - DPCC",2026-09-05T18:15:00Z,11.0
"Dr. Karni Singh Shooting Range, Delhi - DPCC",2026-09-05T18:15:00Z,1.0
"Sri Aurobindo Marg, Delhi - DPCC",2026-09-05T18:15:00Z,11.0
"Ashok Vihar, Delhi - DPCC",2026-09-05T18:15:00Z,22.0
"Punjabi Bagh, Delhi - DPCC",2026-09-05T18:15:00Z,28.0
"Knowledge Park - III, Greater Noida - UPPCB",2026-09-05T18:15:00Z,14.0
"Pusa, Delhi - IMD",2026-09-05T18:15:00Z,13.6
"Sector - 125, Noida, UP - UPPCB",2026-09-05T18:15:00Z,22.0
"Aya Nagar, New Delhi - IMD",2026-09-05T18:15:00Z,14.08
"Dwarka-Sector 8, Delhi - DPCC",2026-09-05T18:15:00Z,23.0
"Pusa, Delhi - DPCC",2026-09-05T18:15:00Z,28.0
"Vasundhara, Ghaziabad - UPPCB",2026-09-05T18:15:00Z,32.0
"Mandir Marg, New Delhi - DPCC",2026-09-05T18:15:00Z,5.0
"Sector - 62, Noida, UP - IMD",2026-09-05T18:15:00Z,20.99
"Sirifort, Delhi - CPCB",2026-09-05T18:15:00Z,36.0
"Major Dhyan Chand National Stadium, Delhi - DPCC",2026-09-05T18:15:00Z,1.0
"Bawana, Delhi - DPCC",2026-09-05T18:15:00Z,7.0
"Sector-116, Noida - UPPCB",2026-09-05T18:15:00Z,45.0
"Okhla Phase-2, Delhi - DPCC",2026-09-05T18:15:00Z,24.0
"Wazirpur, Delhi - DPCC",2026-09-05T18:15:00Z,16.0
"Lodhi Road, New Delhi - IMD",2026-09-05T18:15:00Z,23.9
"IGI Airport (T3), Delhi - IMD",2026-09-05T18:15:00Z,0.51
"Narela, Delhi - DPCC",2026-09-05T18:15:00Z,6.0
"Teri Gram, Gurugram - HSPCB",2026-09-05T18:15:00Z,66.21
"NISE Gwal Pahari, Gurugram - IMD",2026-09-05T18:15:00Z,16.02
"Knowledge Park - V, Greater Noida - UPPCB",2026-09-05T18:15:00Z,18.0
"Jawaharlal Nehru Stadium, Delhi - DPCC",2026-09-05T18:15:00Z,12.0
"Sector-1, Noida - UPPCB",2026-09-05T18:15:00Z,4.0
"Rohini, Delhi - DPCC",2026-09-05T18:15:00Z,29.0
"North Campus, DU, Delhi - IMD",2026-09-05T18:15:00Z,32.3
"Sonia Vihar, Delhi - DPCC",2026-09-05T18:15:00Z,5.0
"DTU, New Delhi - CPCB",2026-09-05T18:15:00Z,16.27
"Patparganj, Delhi - DPCC",2026-09-05T18:15:00Z,11.0
"Vasundhara Nagar_UIT, Bhiwadi - RSPCB",2026-09-05T18:15:00Z,34.0
"Sanjay Nagar, Ghaziabad - UPPCB",2026-09-05T18:15:00Z,7.0
"Indirapuram, Ghaziabad - UPPCB",2026-09-05T18:15:00Z,38.0
"Amity University, Panchgaon - IITM",2026-09-06T00:30:00Z,34.9
"Najafgarh, Delhi - DPCC",2026-09-06T16:15:00Z,2.0
"Chandni Chowk, Delhi - IITM",2026-09-06T17:00:00Z,31.8
"IHBAS, Dilshad Garden,New Delhi - CPCB",2026-09-06T17:45:00Z,34.2
"Sector 11, Faridabad - HSPCB",2026-09-06T18:00:00Z,85.7
"Vikas Sadan, Gurugram - HSPCB",2026-09-06T18:00:00Z,11.9
"Sector-51, Gurugram - HSPCB",2026-09-06T18:00:00Z,41.9
"NSIT Dwarka, Delhi - CPCB",2026-09-06T18:00:00Z,33.2
"Shadipur, Delhi - CPCB",2026-09-06T18:00:00Z,33.8
"Sector-2 IMT, Manesar - HSPCB",2026-09-06T18:00:00Z,48.2
"Nathu Colony, Ballabgarh - HSPCB",2026-09-06T18:00:00Z,17.43
"Sector 30, Faridabad - HSPCB",2026-09-06T18:00:00Z,27.37
"New Industrial Town, Faridabad - HSPCB",2026-09-06T18:00:00Z,37.3
"Arya Nagar, Bahadurgarh - HSPCB",2026-09-06T18:00:00Z,24.5
"ITO, New Delhi - CPCB",2026-09-06T18:00:00Z,37.0
"Sector-1, Noida - UPPCB",2026-09-06T18:15:00Z,36.0
"Mandir Marg, New Delhi - DPCC",2026-09-06T18:15:00Z,8.0
"Knowledge Park - III, Greater Noida - UPPCB",2026-09-06T18:15:00Z,26.0
"Vivek Vihar, Delhi - DPCC",2026-09-06T18:15:00Z,53.0
"Patparganj, Delhi - DPCC",2026-09-06T18:15:00Z,51.0
"Okhla Phase-2, Delhi - DPCC",2026-09-06T18:15:00Z,40.0
"Sector - 62, Noida, UP - IMD",2026-09-06T18:15:00Z,27.84
"Pusa, Delhi - DPCC",2026-09-06T18:15:00Z,38.0
"Bawana, Delhi - DPCC",2026-09-06T18:15:00Z,43.0
"Jawaharlal Nehru Stadium, Delhi - DPCC",2026-09-06T18:15:00Z,28.0
"Sector-116, Noida - UPPCB",2026-09-06T18:15:00Z,79.0
"Sanjay Nagar, Ghaziabad - UPPCB",2026-09-06T18:15:00Z,18.0
"Loni, Ghaziabad - UPPCB",2026-09-06T18:15:00Z,49.0
"Rohini, Delhi - DPCC",2026-09-06T18:15:00Z,54.0
"Ashok Vihar, Delhi - DPCC",2026-09-06T18:15:00Z,35.0
"Sonia Vihar, Delhi - DPCC",2026-09-06T18:15:00Z,48.0
"Nehru Nagar, Delhi - DPCC",2026-09-06T18:15:00Z,72.0
"Vasundhara Nagar_UIT, Bhiwadi - RSPCB",2026-09-06T18:15:00Z,41.0
"Dwarka-Sector 8, Delhi - DPCC",2026-09-06T18:15:00Z,23.0
"Sri Aurobindo Marg, Delhi - DPCC",2026-09-06T18:15:00Z,9.0
"Knowledge Park - V, Greater Noida - UPPCB",2026-09-06T18:15:00Z,49.0
"Vasundhara, Ghaziabad - UPPCB",2026-09-06T18:15:00Z,28.0
"Mundka, Delhi - DPCC",2026-09-06T18:15:00Z,31.0
"Sirifort, Delhi - CPCB",2026-09-06T18:15:00Z,42.0
"Teri Gram, Gurugram - HSPCB",2026-09-06T18:15:00Z,5.5
"DTU, New Delhi - CPCB",2026-09-06T18:15:00Z,48.73
"Lodhi Road, New Delhi - IMD",2026-09-06T18:15:00Z,28.6
"Narela, Delhi - DPCC",2026-09-06T18:15:00Z,17.0
"Dr. Karni Singh Shooting Range, Delhi - DPCC",2026-09-06T18:15:00Z,36.0
"Jahangirpuri, Delhi - DPCC",2026-09-06T18:15:00Z,13.0
"North Campus, DU, Delhi - IMD",2026-09-06T18:15:00Z,39.7
"Punjabi Bagh, Delhi - DPCC",2026-09-06T18:15:00Z,53.0
"CRRI Mathura Road, New Delhi - IMD",2026-09-06T18:15:00Z,31.36
"NISE Gwal Pahari, Gurugram - IMD",2026-09-06T18:15:00Z,16.8
"Sector - 125, Noida, UP - UPPCB",2026-09-06T18:15:00Z,29.0
"Pusa, Delhi - IMD",2026-09-06T18:15:00Z,14.7
"IGI Airport (T3), Delhi - IMD",2026-09-06T18:15:00Z,24.81
"Anand Vihar, New Delhi - DPCC",2026-09-06T18:15:00Z,89.0
"Burari Crossing, New Delhi - IMD",2026-09-06T18:15:00Z,25.16
"R K Puram, Delhi - DPCC",2026-09-06T18:15:00Z,52.0
"Indirapuram, Ghaziabad - UPPCB",2026-09-06T18:15:00Z,32.0
"Aya Nagar, New Delhi - IMD",2026-09-06T18:15:00Z,28.54
"Major Dhyan Chand National Stadium, Delhi - DPCC",2026-09-06T18:15:00Z,8.0
"Wazirpur, Delhi - DPCC",2026-09-06T18:15:00Z,41.0
NASA GSFC Rutgers Calib. N8,2026-09-07T15:04:43Z,17.2
New Delhi,2026-09-07T15:30:00Z,62.0
New Delhi,2026-09-08T12:30:00Z,29.0
NASA GSFC Rutgers Calib. N8,2026-09-08T12:54:51Z,15.54
"Vivek Vihar, Delhi - DPCC",2026-09-08T13:00:00Z,29.0
New Delhi,2026-09-08T13:30:00Z,28.0
NASA GSFC Rutgers Calib. N8,2026-09-08T14:04:46Z,16.6
"Punjabi Bagh, Delhi - DPCC",2026-09-08T14:30:00Z,46.0
"Anand Vihar, New Delhi - DPCC",2026-09-08T14:30:00Z,39.0
"Vikas Sadan, Gurugram - HSPCB",2026-09-08T14:30:00Z,64.5
"Pusa, Delhi - IMD",2026-09-08T14:30:00Z,49.5
"Burari Crossing, New Delhi - IMD",2026-09-08T14:30:00Z,51.45
"Aya Nagar, New Delhi - IMD",2026-09-08T14:30:00Z,32.2
"Sirifort, Delhi - CPCB",2026-09-08T14:30:00Z,39.26
"Sector - 125, Noida, UP - UPPCB",2026-09-08T14:30:00Z,44.0
"North Campus, DU, Delhi - IMD",2026-09-08T14:30:00Z,44.0
"ITO, New Delhi - CPCB",2026-09-08T14:30:00Z,28.0
"Sector - 62, Noida, UP - IMD",2026-09-08T14:30:00Z,53.0
"NSIT Dwarka, Delhi - CPCB",2026-09-08T14:30:00Z,22.1
"DTU, New Delhi - CPCB",2026-09-08T14:30:00Z,38.0
"Shadipur, Delhi - CPCB",2026-09-08T14:30:00Z,40.8
"R K Puram, Delhi - DPCC",2026-09-08T14:30:00Z,81.0
"Lodhi Road, New Delhi - IMD",2026-09-08T14:30:00Z,38.6
"IGI Airport (T3), Delhi - IMD",2026-09-08T14:30:00Z,36.52
"Vasundhara, Ghaziabad - UPPCB",2026-09-08T14:30:00Z,38.0
"Pusa, Delhi - DPCC",2026-09-08T14:30:00Z,57.0
"Mandir Marg, New Delhi - DPCC",2026-09-08T14:30:00Z,19.0
"IHBAS, Dilshad Garden,New Delhi - CPCB",2026-09-08T14:30:00Z,53.1
"Indirapuram, Ghaziabad - UPPCB",2026-09-08T14:30:00Z,49.0
"Major Dhyan Chand National Stadium, Delhi - DPCC",2026-09-08T14:30:00Z,20.0
"Dwarka-Sector 8, Delhi - DPCC",2026-09-08T14:30:00Z,34.0
"Alipur, Delhi - DPCC",2026-09-08T14:30:00Z,28.0
"Dr. Karni Singh Shooting Range, Delhi - DPCC",2026-09-08T14:30:00Z,36.0
"Arya Nagar, Bahadurgarh - HSPCB",2026-09-08T14:30:00Z,27.2
"CRRI Mathura Road, New Delhi - IMD",2026-09-08T14:30:00Z,57.24
"Vasundhara Nagar_UIT, Bhiwadi - RSPCB",2026-09-08T14:30:00Z,70.0
"Amity University, Panchgaon - IITM",2026-09-08T14:30:00Z,0.8
"Ashok Vihar, Delhi - DPCC",2026-09-08T14:30:00Z,45.0
"Narela, Delhi - DPCC",2026-09-08T14:30:00Z,39.0
"Sector-1, Noida - UPPCB",2026-09-08T14:30:00Z,40.0
"Knowledge Park - III, Greater Noida - UPPCB",2026-09-08T14:30:00Z,72.0
"Nathu Colony, Ballabgarh - HSPCB",2026-09-08T14:30:00Z,72.19
"Wazirpur, Delhi - DPCC",2026-09-08T14:30:00Z,40.0
"Sri Aurobindo Marg, Delhi - DPCC",2026-09-08T14:30:00Z,42.0
"Patparganj, Delhi - DPCC",2026-09-08T14:30:00Z,30.0
"Knowledge Park - V, Greater Noida - UPPCB",2026-09-08T14:30:00Z,46.0
"Jawaharlal Nehru Stadium, Delhi - DPCC",2026-09-08T14:30:00Z,40.0
"Sector-2 IMT, Manesar - HSPCB",2026-09-08T14:30:00Z,83.9
"Jahangirpuri, Delhi - DPCC",2026-09-08T14:30:00Z,50.0
"Loni, Ghaziabad - UPPCB",2026-09-08T14:30:00Z,62.0
"Mundka, Delhi - DPCC",2026-09-08T14:30:00Z,33.0
"Sector-116, Noida - UPPCB",2026-09-08T14:30:00Z,63.0
"Sonia Vihar, Delhi - DPCC",2026-09-08T14:30:00Z,46.0
"New Industrial Town, Faridabad - HSPCB",2026-09-08T14:30:00Z,36.1
"Sanjay Nagar, Ghaziabad - UPPCB",2026-09-08T14:30:00Z,52.0
"Sector 11, Faridabad - HSPCB",2026-09-08T14:30:00Z,136.7
"Teri Gram, Gurugram - HSPCB",2026-09-08T14:30:00Z,35.08
"Rohini, Delhi - DPCC",2026-09-08T14:30:00Z,59.0
"Sector-51, Gurugram - HSPCB",2026-09-08T14:30:00Z,30.3
"Sector 30, Faridabad - HSPCB",2026-09-08T14:30:00Z,62.16
"Najafgarh, Delhi - DPCC",2026-09-08T14:30:00Z,23.0
"Bawana, Delhi - DPCC",2026-09-08T14:30:00Z,104.0
"Chandni Chowk, Delhi - IITM",2026-09-08T14:30:00Z,31.2
"NISE Gwal Pahari, Gurugram - IMD",2026-09-08T14:30:00Z,46.26
"Okhla Phase-2, Delhi - DPCC",2026-09-08T14:30:00Z,45.0
"Nehru Nagar, Delhi - DPCC",2026-09-08T14:30:00Z,201.0
NASA GSFC Rutgers Calib. N8,2026-09-08T14:57:08Z,19.25
NASA GSFC Rutgers Calib. N8,2026-09-08T16:06:57Z,17.8
New Delhi,2026-09-08T16:30:00Z,53.0
New Delhi,2026-09-08T18:30:00Z,47.0
NASA GSFC Rutgers Calib. N8,2026-09-08T19:01:49Z,18.63
New Delhi,2026-09-08T19:30:00Z,48.0
New Delhi,2026-09-08T21:30:00Z,46.0
NASA GSFC Rutgers Calib. N8,2026-09-08T21:56:45Z,16.08
New Delhi,2026-09-08T22:30:00Z,41.0
NASA GSFC Rutgers Calib. N8,2026-09-08T23:06:38Z,14.55
New Delhi,2026-09-08T23:30:00Z,28.0
NASA GSFC Rutgers Calib. N8,2026-09-08T23:59:12Z,14.53
New Delhi,2026-09-09T00:30:00Z,21.0
New Delhi,2026-09-09T01:30:00Z,25.0
NASA GSFC Rutgers Calib. N8,2026-09-09T02:01:33Z,21.44
New Delhi,2026-09-09T03:30:00Z,22.0
New Delhi,2026-09-09T04:30:00Z,31.0
NASA GSFC Rutgers Calib. N8,2026-09-09T07:50:43Z,12.94
NASA GSFC Rutgers Calib. N8,2026-09-09T09:00:29Z,13.25
NASA GSFC Rutgers Calib. N8,2026-09-09T11:55:02Z,14.61
